Source,Destination,Protocol,SrcPort,DstPort,DataSize,Duration
112.65.219.203,183.94.22.40,17,1113,52500,156,120.492
183.94.22.81,116.162.16.190,6,56166,80,120,120.494
218.106.117.231,27.39.114.112,6,51172,43325,688,120.498
115.156.142.194,18.182.32.116,6,54087,21581,247,120.5
222.191.212.123,183.95.73.13,17,53047,58958,414,120.502
115.156.142.140,222.192.187.243,6,38274,443,930,120.505
115.156.142.193,120.201.61.2,1,,,196,120.507
115.156.143.239,23.66.38.214,17,42409,443,2267,120.507
115.156.141.224,45.205.0.99,6,58551,443,781,120.508
111.13.88.250,115.156.141.155,6,443,46538,3124,120.508
43.136.243.71,115.156.144.108,6,443,7872,795,120.508
218.106.117.236,220.202.20.244,6,54128,443,1591,120.508
182.50.15.211,115.156.141.194,6,80,54253,186,120.513
1.95.21.35,115.156.142.14,6,443,55308,1073,120.515
218.106.117.231,27.44.121.166,6,50830,443,751,120.517
218.106.117.235,112.20.38.6,6,42452,9102,792,120.521
115.156.143.28,49.4.45.95,6,34208,443,1617,120.521
157.148.61.213,218.106.117.234,6,80,45578,3034,120.524
115.156.143.216,69.231.153.77,6,3231,443,528,120.532
124.88.91.115,218.106.117.236,6,80,37104,186,120.534
58.19.27.87,121.29.18.201,6,42902,443,733,120.534
120.240.230.4,115.156.142.63,1,,,196,120.536
69.231.153.77,115.156.144.249,6,443,50359,5135,120.537
182.61.200.16,222.20.85.1,6,443,61151,2675,120.539
121.194.7.243,115.156.143.48,6,443,2379,126,120.539
115.156.142.194,18.182.32.116,6,56729,21581,436,120.541
222.192.187.240,115.156.141.18,6,443,41676,4972,120.545
115.156.142.3,121.51.29.191,6,55522,80,21148,120.545
113.56.147.85,183.95.73.30,6,443,53643,1114,120.547
115.156.142.182,120.53.101.199,6,55870,443,220,120.547
175.22.51.131,115.156.141.117,1,,,196,120.552
183.94.22.24,122.96.56.181,6,58195,47642,464,120.553
157.148.41.176,183.95.73.65,6,443,59603,4604,120.562
106.12.24.96,183.95.73.84,6,7824,43036,263,120.566
115.156.143.4,210.42.68.8,6,4583,80,390,120.567
61.241.53.230,183.94.22.31,6,443,40504,695,120.568
115.156.142.194,18.182.32.116,6,53489,21581,132,120.569
115.156.144.92,101.75.246.23,1,,,196,120.57
115.156.144.176,101.75.246.23,1,,,196,120.57
115.156.141.153,43.141.69.67,6,12873,80,546,120.572
210.42.68.3,115.156.143.228,6,80,4636,36695,120.572
115.156.144.116,222.192.187.241,6,41204,443,660,120.574
183.94.22.11,110.253.188.148,6,51026,443,2047,120.578
114.118.67.104,115.156.141.101,6,443,56720,2411,120.581
120.92.107.6,115.156.142.236,6,443,47418,1720,120.582
111.4.129.140,115.156.143.143,6,20231,58998,37454,120.585
58.216.14.5,115.156.142.39,1,,,196,120.586
115.156.143.198,58.205.215.150,6,50445,443,3123,120.588
157.148.78.20,218.106.117.236,17,1097,57832,234,120.588
109.244.228.35,115.156.141.174,17,443,60153,6485,120.59
124.70.85.196,218.197.194.254,17,1112,15279,234,120.59
157.148.33.165,183.94.22.76,6,443,55056,370,120.592
49.7.252.2,115.156.142.27,6,443,60003,535,120.593
115.156.143.118,13.35.186.57,6,50374,443,3363,120.597
175.22.51.131,115.156.143.36,1,,,196,120.598
222.192.187.181,115.156.142.91,6,443,33772,3437,120.598
115.156.142.63,69.231.153.77,6,7606,443,1344,120.6
157.148.78.20,183.95.73.54,17,1097,52445,234,120.6
183.94.22.97,221.15.71.65,6,53983,443,359,120.602
103.28.54.133,115.156.142.60,6,443,5744,225,120.602
122.96.56.181,183.94.22.24,6,47642,58195,497,120.603
115.156.142.105,59.83.207.254,6,56639,8080,666,120.604
27.128.222.131,115.156.141.161,1,,,196,120.607
122.205.9.125,42.62.2.134,6,18100,38141,776,120.607
157.255.220.248,183.94.22.73,6,443,53674,3060,120.611
58.19.27.40,157.148.41.234,6,44558,443,5248,120.611
183.94.22.38,110.249.194.71,6,51482,80,1088,120.611
211.67.30.64,121.194.7.240,6,64674,443,120,120.611
116.133.8.155,183.94.22.52,6,443,40078,475,120.612
115.56.90.10,218.106.117.236,6,443,60543,1292,120.613
202.89.233.101,115.156.141.240,6,443,50276,3363,120.613
222.20.124.65,183.236.59.186,17,54212,1103,124,120.614
222.20.32.106,223.5.5.5,6,5038,443,1341,120.614
163.177.4.46,218.106.117.236,6,443,57899,5090,120.616
183.95.73.34,211.91.65.232,6,54550,443,4134,120.619
115.156.144.245,222.192.187.242,6,56602,443,595,120.619
183.240.84.131,115.156.142.70,1,,,196,120.623
115.156.142.194,18.182.32.116,6,50341,21581,132,120.626
183.95.73.22,140.207.57.151,6,61524,443,397,120.627
115.156.142.15,119.29.29.29,6,7582,80,452,120.628
58.246.163.95,183.94.22.68,6,443,38350,656,120.63
18.182.32.116,115.156.142.194,6,21581,4857,1253,120.634
13.114.167.208,183.94.22.98,6,443,42210,526,120.634
59.82.132.207,115.156.142.255,6,443,47324,6146,120.645
27.44.120.152,183.95.73.56,6,443,45396,464,120.646
110.253.189.211,183.95.73.90,6,443,59777,1839,120.649
220.194.116.20,222.20.32.55,6,443,60952,312,120.649
220.194.24.68,183.94.22.10,6,443,40056,7438,120.65
115.156.141.167,113.96.12.221,6,61343,8080,493,120.653
117.187.137.136,115.156.144.149,1,,,196,120.656
103.219.107.70,218.106.117.236,6,443,44228,1669,120.657
122.189.220.165,115.156.144.71,6,443,54275,1580,120.657
183.95.73.30,157.148.57.103,6,53986,443,789,120.66
157.148.127.161,183.95.73.59,6,13254,6079,2643,120.663
183.95.73.70,122.189.234.2,6,47604,443,1688,120.663
115.156.143.112,39.102.42.211,6,51999,443,1213,120.663
116.147.69.77,218.106.117.236,17,1242,48153,39394,120.67
111.172.199.48,115.156.143.79,6,443,37204,804,120.672
115.156.142.210,49.7.252.25,6,38118,443,1663,120.672
218.106.117.233,140.207.176.25,6,48920,443,2843,120.674
222.20.84.235,58.205.220.44,6,58367,443,120,120.674
115.156.142.194,18.182.32.116,6,57484,21581,461,120.675
113.57.42.51,202.114.0.250,6,6234,443,769,120.675
60.204.2.9,183.95.73.90,6,443,35194,3863,120.676
111.180.136.147,210.42.108.9,6,42388,443,2092,120.678
18.182.32.116,115.156.142.194,6,21581,55768,1229,120.678
39.102.42.211,115.156.143.112,6,443,51936,1601,120.678
115.156.144.69,58.221.28.135,1,,,196,120.679
222.20.86.127,111.180.137.21,6,53260,443,1809,120.681
183.95.73.86,157.148.33.165,6,39596,443,3411,120.682
43.141.49.187,115.156.141.153,6,80,12872,16230,120.684
183.93.101.64,183.95.73.10,6,443,43290,3645,120.686
116.153.80.3,183.94.22.64,6,443,57590,16596,120.689
115.156.143.19,175.22.51.131,1,,,196,120.69
115.156.144.25,27.128.222.131,1,,,196,120.691
115.156.141.18,113.240.75.249,6,51610,443,757,120.692
125.38.11.89,218.106.117.236,6,443,40142,102684,120.692
42.231.138.54,183.95.73.56,6,443,47356,7571,120.694
40.99.33.130,115.156.131.197,17,443,50201,3102,120.694
183.95.73.46,124.160.141.213,6,52842,443,486,120.698
115.156.143.189,124.251.34.110,6,49928,443,1297,120.7
18.182.32.116,115.156.142.194,6,21581,55081,2611,120.701
112.82.163.154,183.95.73.38,17,7170,47035,5496,120.702
112.24.96.181,115.156.144.216,6,26848,38176,50882,120.703
42.56.77.129,183.95.73.66,6,443,54591,1984,120.703
183.95.73.31,120.27.217.63,6,52937,443,290,120.704
115.156.141.145,27.128.222.131,1,,,196,120.707
36.147.53.85,115.156.144.205,1,,,196,120.708
58.216.14.5,115.156.141.240,1,,,196,120.71
222.192.187.240,115.156.142.61,6,443,56002,182,120.711
106.11.43.74,183.94.22.23,6,443,59198,2930,120.713
218.106.117.236,112.132.119.67,6,53732,80,258,120.716
116.196.137.185,183.94.22.13,6,443,50195,138,120.716
157.148.78.123,183.95.73.13,17,1103,56400,156,120.722
218.60.45.145,218.106.117.231,6,443,44546,18280,120.725
210.42.68.13,115.156.143.232,6,80,41328,15092,120.726
18.182.32.116,115.156.142.194,6,21581,57823,2701,120.726
115.156.141.152,123.56.135.74,6,47044,443,1252,120.727
218.106.117.236,122.188.71.26,6,50114,24217,210,120.728
115.156.142.194,18.182.32.116,6,5111,21581,244,120.73
115.156.143.244,111.48.138.111,6,37830,443,1143,120.73
18.182.32.116,115.156.142.194,6,21581,4269,2766,120.734
116.153.64.186,218.106.117.231,6,443,32802,127412,120.735
36.144.32.3,115.156.141.128,1,,,196,120.735
183.95.73.45,218.12.77.99,6,40142,443,880,120.737
111.19.135.154,115.156.144.168,1,,,196,120.739
119.36.90.80,218.106.117.235,6,443,34850,3366,120.741
101.198.2.228,115.156.144.19,6,443,55369,5564,120.742
115.156.144.213,223.113.138.204,6,60814,443,963,120.742
18.182.32.116,115.156.142.194,6,21581,53542,186,120.742
27.128.222.131,115.156.143.172,1,,,196,120.747
115.156.142.112,120.253.255.169,6,6455,443,153,120.747
115.156.147.48,182.61.200.16,6,59608,443,1397,120.747
18.182.32.116,115.156.142.194,6,21581,52370,1736,120.753
115.156.143.140,101.236.69.12,6,59638,443,1714,120.759
58.241.33.189,183.94.22.78,17,1082,57582,156,120.76
122.14.229.141,115.156.144.176,6,443,56832,2358,120.761
111.63.137.65,115.156.144.39,6,80,44260,1570,120.764
157.255.220.157,218.106.117.236,6,443,50025,398,120.767
116.132.219.184,183.94.22.64,6,80,4250,613,120.767
103.102.202.74,115.156.141.208,6,443,42894,404,120.768
115.156.141.183,43.145.41.107,6,56382,443,631,120.769
115.156.141.72,101.43.217.152,6,42442,5223,841,120.774
23.66.38.214,115.156.134.234,17,443,53726,29360,120.774
27.128.222.131,115.156.143.233,1,,,196,120.775
222.20.82.110,175.27.57.28,6,48390,80,849,120.775
115.156.144.238,202.89.233.101,6,55688,443,474,120.778
18.182.32.116,115.156.142.194,6,21581,52209,1670,120.779
58.19.27.12,157.148.61.213,6,49714,80,1911,120.781
111.206.148.116,183.94.22.14,6,8081,50144,146,120.784
116.148.161.135,183.95.73.49,6,443,57960,3701,120.785
115.156.142.114,106.3.18.124,6,60244,443,200,120.786
115.156.141.78,111.51.80.134,1,,,196,120.787
120.202.141.132,115.156.144.168,1,,,196,120.787
183.199.109.220,183.94.22.54,17,12291,39103,589,120.788
23.195.108.129,202.114.0.141,6,443,58618,2392,120.789
122.205.9.125,118.186.60.69,6,53722,443,1461,120.793
218.197.196.237,34.107.141.31,17,58909,443,1367,120.794
35.73.6.249,115.156.143.166,6,443,58738,237,120.795
106.225.242.169,115.156.144.205,1,,,196,120.796
218.197.196.102,183.168.162.229,6,53128,443,1741,120.796
222.20.32.202,121.194.4.10,6,51024,443,4362,120.797
115.156.143.142,180.163.140.9,1,,,196,120.798
120.52.30.248,183.95.73.25,6,443,53218,1671,120.801
115.156.143.176,43.141.11.18,6,44170,443,2418,120.802
115.156.142.225,120.133.65.235,6,60157,443,1240,120.804
82.157.74.178,115.156.144.201,6,443,61047,701,120.804
183.201.196.249,115.156.143.231,17,443,42768,28239,120.805
58.19.27.41,60.222.68.154,17,24676,57295,13452,120.805
175.22.51.131,115.156.143.171,1,,,196,120.807
210.42.68.6,218.197.231.6,6,443,53042,19759,120.807
115.156.143.206,59.83.207.254,6,50170,8080,474,120.809
120.133.65.235,115.156.143.55,6,443,52054,680,120.82
183.84.7.119,218.106.117.236,6,443,49963,1535,120.821
101.50.8.128,115.156.142.173,6,443,54194,777,120.821
116.153.64.186,183.94.22.27,6,443,32828,72090,120.826
223.84.238.249,183.95.73.19,6,19297,33674,172774,120.83
116.128.169.159,183.94.22.36,6,443,53822,450,120.832
182.61.62.130,115.156.141.178,6,443,48778,2696,120.832
58.19.27.31,113.56.189.141,6,58325,443,1031,120.832
111.172.199.16,115.156.143.79,6,443,50992,302,120.833
115.156.141.9,120.253.255.161,6,4982,443,404,120.833
211.67.22.240,182.61.200.16,6,4591,443,427,120.833
43.141.9.123,122.205.3.106,6,443,42324,46117,2442.304
27.44.202.123,183.94.22.52,17,8080,57705,2788,2442.318
220.181.33.216,115.156.143.223,6,443,50407,3237,2442.558
113.56.189.63,183.95.73.58,6,443,43156,4581,2443.323
115.156.143.230,103.37.152.48,6,35300,443,1566,2443.327
115.156.142.236,121.194.11.72,6,34564,443,1981,2443.401
115.156.144.209,222.247.4.167,17,42987,39637,118972,2443.422
112.80.183.81,183.95.73.42,6,5223,55758,9894,2443.477
223.5.5.5,115.156.144.54,6,443,10338,1298,2443.552
115.156.142.236,221.131.165.141,6,4507,20006,1420,2443.567
115.156.144.12,222.192.187.248,6,46974,443,480,2443.962
183.95.73.72,119.36.224.12,6,52976,443,927,2444.226
115.156.143.114,112.19.142.248,6,52970,443,2104,2444.372
203.119.144.238,115.156.144.9,6,443,56313,384,2444.419
202.114.138.209,59.78.211.251,6,43808,443,3694,2444.554
211.67.31.215,36.150.27.104,6,50753,18101,719,2444.712
183.95.73.33,58.243.203.41,6,42610,443,2100,2444.858
183.94.22.41,150.171.27.11,6,57207,443,2954,2444.922
115.156.144.140,40.83.50.95,6,4046,443,15206,2445.122
182.50.8.224,183.94.22.80,6,40320,37320,247,2445.203
112.84.131.83,183.94.22.31,6,443,6642,120,2445.345
183.94.22.81,157.255.246.60,17,44955,8024,222,2445.471
58.243.203.41,183.94.22.83,6,443,57934,10709,2445.626
157.255.246.41,183.95.73.68,17,8026,22082,1136,2445.635
183.94.22.10,139.226.24.248,17,43590,49348,169,2445.747
115.156.141.211,49.239.194.34,17,30700,31597,97192,2445.777
218.106.117.236,153.3.46.103,6,57914,443,1614,2445.792
103.28.54.101,183.94.22.57,6,443,61714,894,2445.828
112.123.185.145,183.94.22.48,17,51994,39051,1852,2446.009
115.156.143.189,121.194.11.72,6,54972,443,2668,2446.098
49.4.47.189,115.156.144.59,6,443,58072,2251,2446.107
157.255.220.178,183.95.73.79,6,443,33813,1680,2446.617
115.156.158.133,36.137.212.238,6,57897,30801,5191,2446.679
58.19.27.68,122.193.110.19,17,41539,63541,133057,2446.744
218.197.241.129,182.110.128.46,17,46029,50520,3587,2446.813
120.232.217.148,218.106.117.236,6,30000,55950,1275,2446.888
153.3.237.52,183.95.73.20,6,443,58932,1080,2447.048
183.95.73.31,157.148.45.218,6,12446,80,1646,2447.564
58.19.6.176,183.95.73.30,17,32818,49947,7676,2447.987
183.94.22.85,116.132.223.206,6,44434,1500,2278,2448.024
129.211.73.46,222.20.97.159,6,7088,37996,432,2448.112
218.106.117.232,112.132.119.67,6,38608,80,300,2448.759
218.106.117.234,221.194.120.240,17,13441,19831,968,2448.791
115.156.144.137,210.42.68.14,6,33288,80,848,2448.857
220.197.30.76,218.106.117.236,6,443,52063,561,2448.892
61.228.20.151,115.156.142.11,6,22223,56406,9912,2448.904
36.110.140.4,183.95.73.30,6,443,39394,6245,2448.934
218.75.158.14,115.156.143.198,6,443,52517,4536,2448.947
202.89.233.101,115.156.143.250,6,443,51745,3028,2449.016
122.195.90.183,183.95.73.90,6,7824,43046,2334,2449.075
117.183.92.254,183.94.22.27,17,17946,9183,594,2449.168
115.156.143.116,103.28.54.100,6,59790,443,348,2449.44
116.162.201.77,218.106.117.229,6,443,42776,708,2449.626
115.156.143.54,210.42.68.13,6,58476,80,1900,2450.02
183.95.73.87,119.36.90.80,6,49767,443,18581,2450.081
202.114.0.250,117.152.147.85,6,443,1094,180,2450.257
117.152.147.85,115.156.141.13,6,443,55692,1505,2451.614
58.19.27.45,175.42.204.35,6,42650,1635,780,2450.309
125.109.63.126,115.156.143.236,17,15163,38938,1687,2450.433
119.36.224.12,183.94.22.35,6,443,7507,33070,2450.435
115.156.141.239,92.122.244.26,6,4511,443,324,2450.481
180.233.95.231,115.156.141.202,17,3189,5259,574,2450.725
43.142.215.95,183.95.73.96,6,443,45486,3350,2451.079
115.156.141.13,8.140.35.130,6,49316,443,360,2451.099
23.49.104.55,115.156.144.154,6,443,57200,264,2451.501
115.156.141.13,116.172.74.219,6,443,55692,1505,2451.614
220.181.33.216,115.156.141.25,6,443,55692,1505,2451.614
122.189.237.10,183.95.73.50,6,80,56144,40396,2451.62
58.19.27.98,116.172.74.219,6,48860,443,798,2451.646
116.172.74.219,182.61.200.83,6,443,55692,1505,2451.614
115.156.143.44,210.42.68.7,6,43322,80,3036,2451.652
112.20.38.44,115.156.144.70,6,9102,47658,270395,2452.118
124.70.116.11,115.156.142.205,6,443,43330,3747,2452.223
218.106.117.236,110.228.50.4,17,44299,12467,781,2452.246
120.53.80.119,183.95.73.15,6,80,40292,2546,2452.287
157.255.13.135,183.95.73.95,6,443,51660,477,2452.659
115.156.143.98,183.255.110.175,6,57914,19000,22232,2452.666
182.61.200.83,115.156.144.182,6,443,40582,265,2452.811
218.106.117.236,122.190.168.227,6,35612,443,33811,2452.871
43.142.215.98,115.156.142.219,6,443,49457,855,2453.197
115.156.144.225,59.78.211.251,6,6896,443,3100,2453.264
223.6.6.6,115.156.141.66,17,443,54886,5868,2453.539
115.156.143.229,43.141.59.35,6,53705,443,1395,2453.559
61.240.206.11,183.95.73.90,6,443,49398,3117,2453.58
58.19.27.65,125.72.60.134,6,6237,2180,7074,2453.776
115.156.142.30,223.5.5.5,17,18627,53,167,2454.15
183.94.22.63,119.249.103.180,6,35730,80,2064,2454.267
156.238.204.69,115.156.143.249,6,443,52601,42392,2454.347
123.125.103.221,183.95.73.99,6,80,41414,11318,2454.487
211.91.233.147,183.94.22.52,6,443,9503,6896,2454.647
183.95.73.49,157.148.54.16,6,53956,14000,1779,2454.821
115.156.143.171,171.15.136.150,6,48924,1500,1070,2454.915
115.156.143.1,103.28.54.100,6,59909,27025,173,2454.998
123.156.109.1,183.95.73.92,17,61996,20631,598,2455.066
2.23.227.219,115.156.144.189,6,443,61314,4601,2455.163
119.36.224.12,183.95.73.72,6,443,52974,24749,2455.196
58.19.27.61,123.125.103.221,6,44636,443,1426,2455.381
115.156.142.10,118.184.136.144,6,7410,44843,120,2455.697
183.95.73.42,110.242.69.174,6,49949,443,517,2455.857
115.156.142.107,47.92.136.182,6,52718,443,5429,2455.866
218.106.117.236,112.86.231.222,6,51717,65010,858,2455.904
125.34.46.236,183.95.73.18,17,16902,41231,20399,2455.943
119.249.103.180,183.94.22.63,6,80,35730,1876,2456.061
122.195.90.176,183.95.73.61,6,7824,42978,919,2456.087
1.194.253.228,115.156.144.201,6,443,59269,585,2456.183
119.45.249.52,183.95.73.11,17,443,42144,7664,2456.237
183.94.22.39,202.90.110.15,6,40932,443,5854,2456.499
183.94.29.69,183.95.73.50,17,20344,52330,4003,2456.692
115.156.143.150,121.194.11.73,6,48122,443,160,2456.754
116.153.64.186,183.94.22.27,6,443,43598,51298,2456.818
49.7.89.76,183.94.22.84,6,443,54636,460,2456.898
211.69.197.16,163.172.75.59,6,62650,23925,252,2456.988
39.171.187.154,218.106.117.229,17,30560,49989,201,2456.994
115.156.141.202,163.47.68.30,17,5259,50670,1545,2457.028
183.95.73.31,42.236.38.153,6,58887,80,140,2457.06
115.156.143.175,172.64.229.211,17,56402,443,13820,2457.086
115.156.143.237,59.56.23.6,6,2513,80,100310,2457.113
61.241.148.252,183.94.22.44,6,80,56204,95575,2457.263
223.86.122.184,115.156.143.155,6,443,51386,9242,2457.404
115.156.142.198,121.196.202.83,6,48170,1048,132,2457.676
115.156.141.169,120.220.145.116,6,7796,443,14814,2457.696
59.173.180.79,202.114.0.250,6,54519,443,360,2457.824
115.156.143.229,20.135.4.169,6,61630,443,599,2457.919
115.156.143.82,117.131.17.94,6,56883,7982,959,2457.988
153.3.46.25,218.106.117.236,6,14000,38492,3444,2458
106.11.43.194,111.175.187.168,6,443,58988,1836,2458.154
47.79.49.2,183.95.73.84,6,443,8421,10916,2458.414
101.30.116.128,183.95.73.82,17,26969,60961,463,2458.466
58.19.20.242,183.94.22.42,6,443,5606,2030,2458.959
36.156.112.254,183.95.73.61,6,26550,4841,369383,2459.013
119.97.181.245,115.156.141.239,6,80,4836,46182,2459.055
115.156.244.234,218.71.226.66,17,54052,26413,1316,2459.091
183.94.22.46,120.52.73.55,6,6698,443,3942,2459.324
115.156.143.143,45.116.152.108,17,46529,50262,1339,2459.377
218.106.117.236,122.191.18.54,6,55506,19999,15058,2459.656
119.36.124.189,183.94.22.22,6,80,49786,132,2460.076
118.212.136.244,218.106.117.232,6,22443,37850,11886,2460.196
183.94.22.31,116.153.4.223,6,6643,443,3746,2460.22
112.90.95.56,183.94.22.30,6,443,33582,1225,2460.271
115.156.144.239,109.244.240.72,6,6956,12003,2483,2460.561
115.156.141.218,122.14.236.182,17,8567,3478,300,2460.693
183.94.22.17,119.36.140.222,6,60293,443,8792,2460.723
162.247.243.29,211.67.20.72,6,443,54345,1105,2460.784
115.156.142.105,43.137.208.115,6,54920,443,3312,2460.788
115.156.142.124,114.93.253.110,17,50793,14331,199102,2460.823
115.156.141.195,81.69.116.87,17,55795,443,1362,2461.138
183.94.22.44,153.3.46.82,6,57797,8080,2817,2461.367
183.95.73.51,103.37.152.48,6,39372,443,126,2461.628
115.205.8.188,222.20.120.224,17,25522,57718,1270,2461.663
183.94.22.93,183.93.101.62,6,59471,443,5651,2462.112
115.156.142.135,43.137.154.198,6,49401,443,1245,2462.462
123.139.159.100,183.95.73.60,17,27272,56507,588,2462.546
211.97.119.226,183.95.73.26,17,3679,8134,21287,2462.567
115.231.145.40,115.156.143.60,6,55001,5071,79420,2462.667
115.156.144.59,120.239.137.109,17,41262,27845,2001,2462.859
115.156.143.107,52.104.26.55,6,60910,443,2948,2462.895
115.156.212.131,222.192.186.112,6,54779,443,10474,2463.076
218.106.117.229,119.36.175.53,6,37654,80,4272,2463.134
210.42.68.2,115.156.142.69,6,80,45286,972748,2463.445
17.248.216.67,115.156.141.97,6,443,4626,7248,2463.574
211.67.27.190,35.190.14.188,6,5645,443,1544,2463.674
115.156.141.25,210.42.68.4,6,44858,80,2224,2463.677
218.106.117.236,175.42.39.4,6,38534,27436,528,2463.86
183.95.73.76,5.161.98.110,17,58615,1194,28501,2463.867
101.50.8.134,115.156.142.173,6,443,40670,1791,2463.959
113.81.20.68,115.156.144.14,17,12450,21437,718,2464.308
115.156.142.216,223.111.154.213,6,52875,22663,280,2464.372
43.142.81.221,115.156.141.66,17,9993,49049,1602,2464.536
115.156.143.231,122.188.1.41,6,43448,443,3211,2464.608
120.195.6.253,115.156.142.77,6,11301,49911,2793,2464.649
115.156.141.151,222.246.140.1,6,52825,443,2293,2464.699
112.80.183.81,183.95.73.53,6,5223,11180,15762,2464.905
115.156.142.94,103.37.155.17,6,49618,443,1397,2464.968
183.95.73.45,220.202.20.248,6,55358,443,3983,2464.998
183.93.121.208,218.106.117.232,17,2001,44274,10218,2465.038
122.205.9.125,106.74.41.154,6,43472,443,480,2465.178
58.19.27.78,61.241.56.239,17,55793,3478,385,2465.444
222.132.63.244,218.106.117.232,17,8216,44274,381331,2465.723
116.196.148.51,183.95.73.60,6,443,38204,59072,2465.785
123.152.174.101,218.106.117.236,17,12966,59639,45961,2465.786
106.12.24.96,115.156.143.95,6,7824,43574,702,2465.887
116.196.148.51,183.95.73.60,6,443,49644,20544,2466.013
183.94.22.25,113.56.189.63,6,55660,443,120,2466.015
36.156.112.254,183.95.73.61,6,26550,4943,399142,2466.016
115.156.142.218,59.78.173.41,6,4321,80,93498,2466.017
115.156.144.151,39.136.148.204,6,41400,80,330,2466.036
183.93.101.62,183.94.22.93,6,443,59471,14608,2466.131
115.156.144.176,5.44.249.140,6,61387,443,3106,2466.206
58.19.27.44,119.36.142.112,6,55376,443,300,2466.226
218.106.117.230,171.37.33.220,17,58449,4542,11216,2466.277
43.141.131.25,115.156.141.153,6,80,19958,58599,2466.381
23.247.137.161,183.95.73.80,6,2377,56336,120,2467.141
115.156.144.73,39.98.24.58,6,5022,443,120,2467.303
103.37.152.48,183.95.73.51,6,443,39372,4871,2467.437
43.242.156.2,183.94.22.91,6,80,56960,705,2467.729
117.152.152.8,115.156.141.114,17,4533,15942,864,2467.777
115.156.141.149,14.153.2.125,17,24629,37741,1486,2467.886
115.156.144.187,58.47.69.250,6,53605,443,14715,2467.944
20.189.172.32,115.156.213.116,6,443,46146,198,2468.023
115.156.144.54,223.6.6.6,6,10341,443,952,2468.033
153.3.46.82,218.106.117.234,6,8080,51831,3391,2468.339
183.95.73.37,122.189.81.39,6,53104,80,2118,2468.392
182.114.24.247,218.106.117.236,17,16140,41539,1152,2468.422
218.106.117.233,116.136.188.184,6,41124,443,1552,2468.546
81.69.116.87,115.156.143.178,17,443,45232,4157,2468.62
115.156.144.70,112.20.38.44,6,47658,9102,7188,2468.698
183.94.22.50,122.189.234.50,6,46822,443,89596,2468.717
27.52.67.56,115.156.144.67,17,54177,49210,613057,2468.933
111.49.58.1,218.106.117.230,17,13364,48511,663,2468.939
115.156.144.252,101.126.58.52,6,39566,443,160,2469.106
183.94.22.27,157.255.219.253,6,36030,443,638,2469.307
221.194.174.20,183.95.73.31,6,443,46048,722,2469.698
115.156.143.229,43.141.59.35,6,53696,443,637,2469.7
223.6.6.6,122.205.3.98,17,53,50017,302,2469.801
211.97.84.183,183.95.73.43,6,80,53223,36607,2470.17
17.57.145.149,115.156.143.141,6,5223,59532,376,2470.454
112.86.231.45,218.106.117.236,6,443,49281,244735,2470.52
115.156.144.12,222.192.187.248,6,46988,443,360,2470.799
218.106.117.236,116.162.111.22,6,46076,443,3795,2470.812
220.197.30.75,183.94.22.29,6,443,52077,568,2470.897
115.156.143.79,183.47.102.213,6,40512,8080,769,2470.994
183.95.73.33,157.148.126.126,6,55157,443,1831,2471.143
114.112.215.11,183.95.73.87,6,443,48294,240,2471.302
114.250.67.34,218.106.117.232,6,443,5421,2307,2471.468
43.141.131.171,115.156.144.92,6,80,53647,6398,2471.545
153.3.237.224,183.95.73.12,6,443,57464,856,2471.691
43.141.69.166,115.156.144.126,6,443,51032,68710,2471.808
218.106.117.232,222.132.63.244,17,44274,8216,4853,2471.967
115.156.142.155,210.42.68.5,6,55763,80,1323,2472.139
43.141.132.60,115.156.143.139,1,,,240,2472.214
122.190.238.54,183.94.22.79,6,80,37126,4002232,2472.553
115.156.142.246,112.30.220.148,17,55207,9925,1548,2472.775
211.67.22.186,113.240.96.112,6,45898,443,4089,2472.78
122.193.7.205,183.94.22.57,6,443,55788,528,2472.918
103.117.148.141,115.156.141.194,6,443,60805,6665,2473.174
183.94.22.93,116.153.82.238,6,49096,443,717,2473.378
120.53.101.199,115.156.143.94,6,14000,45776,1904,2473.391
220.202.20.120,183.94.22.64,6,443,57647,22534,2473.487
115.156.142.204,223.113.140.216,6,36714,60010,3616,2473.83
60.221.73.226,183.94.22.37,6,443,49952,2065840,2473.918
58.19.27.46,203.107.62.96,6,45646,443,3815,2473.957
101.91.134.222,222.20.104.239,6,443,50737,1924,2474.135
8.134.241.67,115.156.144.52,6,443,49946,2717,2474.142
220.202.7.101,183.95.73.65,6,443,40618,198316,2474.529
112.83.53.64,183.94.22.49,17,3620,56607,183063,2474.614
115.156.144.33,121.194.11.73,6,43100,443,2223,2474.93
183.95.74.99,218.106.117.230,17,6203,12345,243,2475.289
69.231.153.77,115.156.142.71,6,443,61252,2704,2475.309
223.73.103.29,115.156.141.141,17,39061,43590,4570,2475.475
115.156.144.98,210.42.68.8,6,59375,80,1250,2475.517
119.96.5.110,183.95.73.29,6,80,58300,40099,2475.654
58.19.27.18,111.194.223.68,17,51184,23515,1562,2475.881
156.238.199.78,183.94.22.90,6,443,54364,792484,2475.94
222.20.78.56,52.207.202.187,6,36752,443,1256,2476.189
111.4.129.107,218.106.117.236,17,25357,37589,46276,2476.26
58.19.17.183,218.106.117.236,1,,,132,2476.325
115.156.143.167,202.89.233.101,6,55599,443,5207,2476.371
218.106.117.236,112.86.231.222,6,49748,65010,743,2476.503
101.126.58.52,115.156.144.252,6,443,39566,1571,2476.509
111.4.129.144,218.106.117.236,17,24701,37589,47755,2476.79
111.117.113.227,222.20.79.34,17,8286,7725,520,2476.854
172.64.229.211,115.156.143.175,17,443,56402,520711,2477.171
112.19.199.77,115.156.141.137,6,993,60931,3326,2477.781
157.255.219.80,218.106.117.236,6,8080,54263,808,2477.963
180.97.50.147,202.114.133.138,6,1500,35316,116519,2478.557
115.156.142.131,118.31.52.7,6,45294,3724,264,2478.996
222.20.101.233,69.234.206.194,6,3584,443,376,2479.099
218.106.117.236,113.57.42.125,17,54387,18000,587,2479.217
116.153.60.140,183.94.22.88,6,443,51163,11999909,2479.328
202.90.110.46,115.156.142.21,6,443,54400,924,2479.409
115.156.141.70,106.15.105.54,6,49172,443,180,2479.597
122.189.220.164,115.156.144.164,6,443,56144,240,2479.679
182.61.200.165,115.156.141.97,6,443,35188,4762,2479.736
116.153.64.186,183.94.22.27,6,443,43596,49562,2479.738
42.177.69.171,183.95.73.46,17,59078,51107,1172,2479.755
122.189.234.50,183.94.22.50,6,443,46822,2935,2479.986
221.15.71.65,183.95.73.27,6,443,55977,3639,2480.035
183.95.73.52,157.255.209.167,6,50526,80,593,2480.059
115.156.143.234,116.196.141.237,6,52448,443,312,2480.195
115.156.143.143,119.2.146.100,17,46529,9564,1648,2480.547
115.156.143.149,36.143.244.78,17,8567,3478,240,2480.727
115.156.141.36,45.122.36.89,17,42866,55857,828,2480.972
115.156.141.86,89.85.83.255,6,4376,49839,244,2480.981
122.188.47.38,218.106.117.236,6,80,50022,211854,2481.012
115.156.141.164,90.214.101.65,17,30972,11631,2151,2481.192
115.156.141.126,111.42.93.188,17,56122,13199,23515,2481.495
115.156.141.97,182.61.200.165,6,35188,443,17144,2481.614
36.150.232.176,115.156.144.236,6,20066,50332,5319,2481.704
183.95.73.43,37.77.81.70,6,34422,443,10538,2481.872
125.36.181.165,183.95.73.12,6,443,40036,949,2481.986
157.148.126.126,183.95.73.46,6,443,52039,61355,2482.053
218.197.243.92,222.192.186.76,6,4929,80,7584,2482.128
122.188.5.23,183.95.73.72,6,443,54323,568200,2482.161
112.93.48.93,183.94.22.59,17,46503,48132,2611,2482.254
115.156.141.113,212.60.5.203,6,61254,2710,148,2482.297
119.96.5.110,183.95.73.29,6,80,58301,34137,2482.341
115.156.142.248,120.253.255.162,6,53066,443,180,2482.56
112.64.213.214,183.95.73.47,6,443,49184,12405,2482.784
183.94.22.94,110.229.177.216,17,13288,3743,9032,2482.898
122.189.225.47,183.95.73.11,6,80,45678,180,2482.987
112.19.142.240,115.156.216.141,6,443,56001,1588,2483.203
183.95.73.41,122.190.64.48,6,46838,443,2516,2483.245
183.95.73.43,221.194.141.157,6,58464,443,867,2483.362
43.141.132.62,115.156.141.153,6,80,19996,43462,2483.388
101.224.180.236,115.156.141.49,17,56672,8130,260,2483.683
115.156.141.208,43.137.191.31,17,46493,10246,425,2483.787
122.190.64.48,183.95.73.41,6,443,46838,305765,2483.852
120.219.41.224,115.156.143.100,17,52271,42612,17508,2484.024
104.21.55.112,222.20.103.111,6,443,44378,4449,2484.036
218.197.243.92,222.192.186.76,6,5029,80,4830,2484.095
111.192.161.100,183.95.73.57,17,3233,59318,12841,2484.615
153.0.106.101,183.94.22.59,17,15523,48132,1259,2484.865
58.243.203.41,183.95.73.33,6,443,42610,24037,2484.911
117.69.159.82,202.114.0.240,6,1130,25,250,2484.981
61.241.54.34,183.95.73.62,6,10008,50247,780,2485.028
115.156.141.63,43.137.153.202,17,35571,8003,492,2485.09
123.152.73.6,218.106.117.236,17,51138,60411,483,2485.31
101.132.168.162,115.156.152.13,17,8000,59818,307,2485.738
183.95.73.69,221.15.71.67,6,61645,443,3282,2486.027
115.156.142.45,58.63.172.201,17,13596,11417,914,2486.181
58.205.220.24,115.156.142.77,6,80,60850,121580,2486.361
182.245.130.171,115.156.143.192,17,29851,38998,35716,2486.363
115.156.143.67,49.7.37.93,6,33474,4829,175,2486.363
115.156.143.165,43.141.131.194,6,50814,443,1625,2486.694
115.156.144.231,59.110.4.153,6,46756,80,140,2486.862
111.180.137.21,115.156.142.82,6,443,50139,468,2486.925
222.20.69.187,59.82.121.169,6,60438,443,1134,2487.105
221.233.195.74,115.156.143.144,17,61262,57222,523802,2487.412
115.156.144.46,59.82.121.33,6,39006,443,1328,2487.54
69.231.153.77,183.95.73.48,6,443,6084,2380,2487.635
222.20.85.163,58.205.215.161,6,54265,80,11316,2487.715
59.33.192.88,183.94.22.44,17,35808,38881,328,2487.956
182.61.200.162,183.94.22.38,6,80,52219,180,2488.04
115.156.143.181,114.112.223.217,17,58916,20099,649,2488.18
115.156.144.244,203.154.91.179,17,50753,4500,11946,2488.198
157.148.42.233,218.106.117.233,6,443,48806,2050,2488.284
183.95.73.33,183.187.85.159,17,53555,52348,4546,2488.392
183.95.73.96,220.196.141.94,6,51498,443,5719,2488.398
223.104.124.234,183.95.73.85,17,40693,43549,284,2488.655
115.156.144.242,37.77.81.69,6,35038,443,4416,2488.73
120.241.29.80,115.156.143.26,6,19273,54196,3917,2489.346
58.19.27.75,112.80.130.239,6,50350,65010,664,2489.446
157.148.54.16,183.95.73.49,6,14000,53956,15612,2489.522
153.3.46.25,218.106.117.236,17,22000,39823,5856,2489.655
115.156.141.203,203.209.250.2,6,6856,443,3221,2489.89
104.208.16.90,115.156.144.213,6,443,20698,5682,2489.933
61.240.206.12,183.94.22.99,6,443,56035,4456,2490.15
183.95.73.41,17.248.216.69,6,54884,443,5442,2490.322
121.194.11.73,115.156.142.112,6,443,47418,160,2490.564
122.190.168.228,218.106.117.230,6,443,53484,5475,2490.948
58.19.27.83,58.16.212.2,17,6461,14694,883,2490.96
58.49.125.203,115.156.144.48,6,89,21421,1424,2491.113
222.192.186.74,115.156.142.75,6,80,4866,341053,2491.134
119.97.181.245,115.156.141.239,6,80,4837,38292,2491.169
183.94.22.86,61.241.56.159,17,46717,3478,484,2491.277
121.194.11.72,115.156.142.22,6,443,47508,1142,2491.28
58.19.27.21,60.29.236.163,17,39249,3478,363,2491.464
123.144.32.60,183.95.73.31,17,34679,43230,49682,2491.592
106.2.68.213,115.156.213.137,17,28220,53494,267,2491.912
20.189.173.3,222.20.94.193,6,443,57562,6305,2491.954
220.173.160.40,115.156.143.207,17,12345,43133,14922,2491.973
183.94.22.58,61.242.185.170,17,8254,10015,1161,2492.175
119.36.225.52,183.94.22.38,6,80,7437,192,2492.251
115.156.141.130,210.42.68.9,6,40572,80,672,2492.369
183.94.22.84,22.237.57.113,17,7401,30240,520,2492.7
58.19.160.172,183.95.73.10,6,443,57544,1597,2492.959
223.113.140.216,115.156.142.204,6,60010,36714,257432,2492.973
61.241.56.147,183.95.73.51,17,3478,49676,230,2493.037
123.139.34.151,183.94.22.23,17,13739,21640,721,2493.365
222.20.64.75,103.224.182.212,6,57406,1883,120,2493.631
183.94.22.88,116.153.60.140,6,51163,443,187146,2493.72
202.114.15.14,112.46.222.201,6,59267,18703,935,2493.791
61.240.206.10,183.94.22.48,6,443,49579,1877,2494.17
115.156.144.115,20.189.173.3,6,12291,443,8573,2494.233
109.244.248.90,115.156.144.37,17,11798,55031,7323,2494.279
115.156.144.36,43.159.244.79,6,60000,443,333,2494.516
211.91.233.147,183.94.22.52,6,443,9502,57150,2494.783
115.156.144.157,45.205.0.99,6,52577,443,341,2494.866
61.49.107.143,183.94.22.39,17,32028,49548,35598,2494.88
20.189.173.3,115.156.144.115,6,443,12291,1298,2494.889
115.156.143.28,123.185.185.122,17,41199,19906,2941,2495.06
34.101.50.133,222.20.98.67,6,80,36222,132,2495.118
183.94.22.58,61.242.185.170,17,8254,9880,201,2495.132
222.199.191.41,115.156.143.10,6,80,51852,120,2495.135
222.192.187.254,115.156.144.35,6,443,49974,853,2495.183
222.199.191.41,115.156.144.52,6,80,40672,120,2495.224
43.141.132.36,115.156.144.92,6,80,53659,2940,2495.415
157.255.218.116,218.106.117.236,6,443,50568,3916,2495.504
222.199.191.41,115.156.142.194,6,80,36748,240,2495.619
123.6.28.35,218.106.117.236,6,443,21353,1482,2495.849
122.189.225.47,183.94.22.24,6,80,38894,120,2495.909
123.192.91.126,115.156.144.67,17,27596,51176,3450,2496.006
122.189.171.106,218.106.117.236,6,443,59186,24622,2496.262
61.241.55.185,183.94.22.90,17,3478,54510,230,2496.275
222.199.191.35,115.156.143.190,6,80,40832,120,2496.418
61.241.56.239,183.95.73.82,17,3478,60961,670,2496.426
115.156.141.195,20.42.73.25,6,51599,443,5033,2496.473
183.94.22.84,61.241.56.168,17,49475,3478,381,2496.507
112.86.231.222,218.106.117.236,6,65010,49748,466,2496.567
49.4.18.3,115.156.143.243,6,443,46104,1486,2496.635
122.189.220.164,115.156.143.62,6,443,52870,1712,2496.671
122.189.225.47,183.94.22.92,6,80,39204,180,2496.761
222.199.191.42,115.156.142.41,6,80,41262,180,2496.797
222.199.191.41,115.156.142.121,6,80,57290,120,2496.93
52.83.187.180,115.156.142.162,6,443,51768,23566,2496.94
106.55.130.162,115.156.143.171,17,8000,4001,1219,2496.984
58.19.27.94,112.226.216.152,17,12346,13860,1979077,2496.994
211.91.233.147,183.94.22.52,6,443,9501,239548,2496.995
183.95.73.87,119.177.232.245,17,18000,25751,326,2497.223
222.199.191.41,115.156.143.96,6,80,34028,120,2497.239
58.205.212.119,115.156.142.39,17,443,42797,1966,2497.555
125.41.71.69,183.95.73.98,17,12116,27284,6857,2497.669
203.119.145.11,115.156.142.32,6,443,59449,784,2497.688
183.94.22.60,47.114.236.50,6,35710,443,3056,2497.828
115.156.143.234,146.70.186.196,17,56605,6896,550,2497.908
20.69.137.228,183.95.73.39,6,443,13548,2504,2497.939
183.95.73.21,60.29.236.169,17,33306,3478,363,2498.047
223.6.6.6,218.197.195.223,6,443,54193,658,2498.056
123.156.217.13,218.106.117.231,17,12103,29991,318,2498.228
123.115.118.208,183.95.73.87,1,,,382,2498.266
218.106.117.236,116.132.223.91,6,47366,1500,2527,2498.534
153.3.149.95,183.95.73.34,6,443,57326,4710,2498.64
183.95.73.55,112.239.83.153,17,51240,48135,1136,2498.923
182.50.15.44,115.156.141.38,6,8080,60844,1044,2499.05
124.126.98.70,218.106.117.231,17,51790,56431,852,2499.175
125.34.81.140,183.95.73.42,6,5342,37932,49698,2499.292
106.2.71.14,115.156.141.201,17,28236,53261,356,2499.319
183.95.73.12,47.97.233.65,6,61786,443,635,2499.328
61.241.56.181,183.94.22.62,17,3478,29978,584,2499.385
183.94.22.23,157.148.42.233,6,46684,443,743,2499.408
61.241.126.166,183.94.22.72,6,443,56754,2582,2499.594
157.148.33.42,218.106.117.232,17,443,44274,5375,2499.798
218.106.117.236,61.241.55.185,17,50697,3478,323,2499.921
49.228.245.116,115.156.143.234,17,57676,56605,191,2499.925
115.156.144.182,182.61.200.83,6,40592,443,961,2500.036
121.194.11.73,115.156.143.70,6,443,57967,4878,2500.046
58.243.203.41,183.94.22.43,6,443,54961,8947,2500.145
125.44.159.28,218.106.117.236,1,,,206,2500.23
116.162.34.80,183.95.73.12,17,443,29890,922,2500.239
183.94.22.19,182.111.106.75,17,50846,39527,1044,2500.474
101.71.78.18,183.95.73.33,6,443,52196,89982,2500.621
183.94.22.77,220.196.160.41,17,56581,3478,304,2500.659
218.197.230.60,171.41.56.19,17,33723,33858,648,2500.735
115.156.143.180,121.194.11.72,6,54098,443,3020,2500.779
218.106.117.236,122.188.47.38,6,50022,80,7506,2500.849
43.137.247.234,115.156.144.84,6,443,41454,860,2500.868
104.16.5.101,115.156.142.196,6,443,41072,259537,2500.933
116.172.66.189,183.94.22.80,6,8443,53272,27573,2501.063
122.193.199.144,183.94.22.50,17,28527,38703,1420,2501.118
115.156.143.160,202.90.108.13,6,59438,443,4578,2501.217
116.147.21.84,183.95.73.13,6,13145,47318,613281,2501.263
111.192.241.59,218.106.117.236,17,7012,39249,150,2501.373
119.36.154.77,183.95.73.87,6,9405,39324,41457,2501.532
218.106.117.236,180.130.99.29,17,37475,1106,1498,2501.642
18.182.32.116,218.106.117.236,6,21585,55190,1226068,2501.645
202.114.0.240,171.113.110.72,6,993,5770,396,2502.079
222.192.186.76,218.197.243.92,6,80,5029,291122,2502.219
101.67.46.5,218.106.117.236,17,28203,55168,260,2502.336
115.156.142.196,104.16.5.101,6,41072,443,8549,2502.392
58.248.179.151,183.95.73.88,17,17939,55529,1794,2502.522
116.153.40.81,183.94.22.78,6,443,43898,1002,2502.534
183.92.0.92,218.106.117.236,17,57192,34371,150,2502.709
27.44.204.233,218.106.117.229,6,21000,51630,133,2503.03
218.106.117.236,61.243.13.87,6,52261,443,7527,2503.083
192.40.4.102,202.127.251.49,6,773,38096,312,2503.162
121.194.5.14,115.156.141.121,6,443,60084,68655,2503.181
218.106.117.234,180.126.221.200,17,13441,26416,1018,2503.346
115.156.142.89,121.194.11.72,6,59654,443,331,2503.514
115.156.143.172,203.119.174.148,6,50488,443,19396,2504.096
114.100.248.121,202.114.0.250,6,12146,443,1153,2504.28
183.95.73.16,119.45.2.92,17,45823,443,9820,2504.455
45.121.184.6,115.156.141.116,17,27060,52022,660,2504.683
101.28.132.87,183.95.73.35,6,80,60465,250670,2504.737
58.19.27.13,119.36.225.73,6,54228,443,1215,2504.819
183.93.186.134,183.94.22.86,17,56536,46717,152,2504.909
43.137.191.242,115.156.250.84,17,10188,57552,310,2505.197
183.94.22.28,58.19.160.172,6,44404,443,2512,2505.229
119.98.56.9,115.156.143.27,17,4454,58794,132,2505.275
122.195.90.165,218.106.117.236,6,7824,45120,2685,2505.545
222.20.63.19,175.27.207.208,17,34482,443,3852,2505.617
202.114.212.184,122.226.153.50,17,21264,15000,181720,2505.783
43.141.49.209,115.156.141.141,6,443,43184,120,2506.063
115.156.144.126,43.141.69.166,6,51032,443,558,2506.083
183.95.73.61,122.195.90.176,6,42978,7824,1516,2506.139
106.2.68.222,218.106.117.236,17,28264,21087,253,2506.277
121.5.96.13,218.106.117.229,6,443,39258,1039,2506.305
110.249.203.210,183.95.73.28,17,9681,8138,860,2506.482
115.156.143.96,106.55.130.162,17,4012,8000,291,2506.577
58.144.195.60,183.95.73.18,6,443,39088,73178,2506.625
183.95.73.37,119.36.140.227,6,48910,80,9588,2506.854
157.255.246.60,183.94.22.64,17,8009,48499,778,2507.288
115.156.143.141,36.212.2.51,6,38472,29100,695,2507.494
218.106.117.236,119.36.175.53,6,54737,443,7600,2507.505
115.156.141.126,117.143.100.70,17,43502,4605,424216,2507.543
222.141.152.94,183.94.22.61,17,29183,39131,844,2507.581
183.95.73.48,61.240.206.12,6,44244,443,20788,2507.731
61.241.55.177,183.95.73.73,17,3478,54977,340,2507.944
222.192.187.240,115.156.143.156,6,80,57479,332812,2508.095
101.68.161.213,183.95.73.26,17,12808,8134,1962,2508.198
218.197.197.129,203.119.238.153,17,49854,443,1438,2508.244
183.95.73.11,124.162.180.130,17,53199,32955,350,2508.466
202.206.209.136,210.42.108.5,6,52577,443,2267,2508.603
115.156.144.156,43.137.208.115,6,51715,443,1300,2508.702
115.156.142.194,124.237.176.191,6,59418,443,5867,2508.814
115.156.143.137,104.37.173.83,6,42538,80,1185,2508.819
171.41.17.7,115.156.141.241,17,26048,50117,276,2508.888
14.145.6.69,183.95.73.73,17,60568,7800,222,2508.893
119.138.207.68,115.156.144.166,17,30696,37743,527,2508.972
58.205.215.150,115.156.143.70,6,443,38776,1269970,2509.245
183.95.73.29,220.202.20.248,6,57114,443,4888,2509.446
183.94.22.40,182.129.59.184,17,52827,23653,132,2509.537
115.156.144.146,175.27.57.158,6,39840,443,948,2509.591
218.106.117.236,39.163.110.174,17,53527,45344,124,2509.691
115.156.144.214,125.109.28.147,6,55790,28410,5166,2509.775
42.56.133.119,183.95.73.86,17,39210,6778,1680,2509.864
116.153.82.199,183.95.73.82,6,80,57757,9096,2509.918
124.250.115.156,115.156.143.142,6,7804,5081,2725,2510.017
119.45.2.92,183.95.73.16,17,443,45823,2503,2510.12
43.142.215.98,115.156.141.225,6,443,61732,1661,2510.132
183.95.73.99,220.196.160.223,17,60158,3478,363,2510.318
218.106.117.236,113.56.189.63,6,55680,443,254,2510.32
115.156.143.213,121.194.11.72,6,57672,443,220,2510.417
183.94.22.67,42.229.178.154,17,20929,18036,1259,2510.835
115.156.142.145,17.32.194.2,6,61890,443,2421,2510.918
115.156.144.39,59.68.43.68,17,9843,5447,2306,2511.151
153.99.245.229,183.95.73.88,17,23462,55470,3148,2511.423
182.204.222.86,115.156.141.201,17,25810,54351,192,2511.534
183.95.63.26,183.95.73.60,1,,,522,2511.731
210.72.70.194,115.156.144.213,17,7560,8779,963222,2511.852
116.132.223.91,218.106.117.236,6,1500,47366,70914,2512.08
122.195.90.150,183.95.73.79,6,443,60517,10512,2512.26
157.148.36.183,183.94.22.31,6,443,58331,4098,2512.454
98.97.80.229,115.156.141.239,17,36395,44706,1685,2512.47
112.132.119.67,218.106.117.232,6,443,37846,85467,2512.575
116.148.161.135,218.106.117.236,6,443,38786,17708,2512.637
47.98.146.111,115.156.141.199,6,3724,51931,401,2512.967
58.49.156.81,218.197.232.187,6,80,50970,626533,2513.275
183.94.22.52,183.94.99.9,17,3476,41942,225,2513.709
114.250.67.33,183.95.73.61,6,443,53462,272,2513.937
101.71.17.158,183.94.22.17,17,14023,49669,3413,2514.19
218.106.117.235,117.22.124.161,17,7401,58261,260,2514.322
115.156.141.228,222.192.187.253,6,38528,80,1752,2514.431
115.156.144.205,101.236.69.94,6,46072,443,333,2514.559
36.249.48.211,183.94.22.81,17,4782,33318,300,2514.607
81.69.116.86,115.156.141.224,17,443,43505,1706,2514.988
122.191.18.197,183.94.22.16,6,443,59554,22308,2515.015
115.156.141.92,139.155.64.113,6,45146,443,1372,2515.049
183.95.73.53,112.80.183.81,6,11180,5223,1109,2515.094
222.20.69.187,203.119.204.187,6,60439,443,1078,2515.099
115.156.142.198,63.176.187.54,6,60889,443,2274,2515.519
115.156.143.50,13.89.179.8,6,61362,443,65691,2515.851
58.19.160.172,183.94.22.28,6,443,44404,7386,2515.927
115.156.144.124,156.238.222.66,6,45838,443,8119,2516.007
115.156.141.198,185.152.67.145,17,42643,9993,358,2516.022
125.39.122.145,183.94.22.28,6,80,59390,270366,2516.085
115.156.144.74,182.61.200.108,6,23948,80,246,2516.126
122.205.53.135,27.18.239.248,17,57549,60941,372,2516.465
182.61.200.107,115.156.144.118,6,443,39640,360,2516.619
115.156.217.185,42.194.252.114,6,1736,443,120,2516.629
211.91.233.147,183.94.22.52,6,443,9500,33290,2516.741
115.156.141.60,210.42.68.4,6,48202,80,5244,2517.289
204.10.194.55,115.156.142.11,6,55265,51833,120,2517.375
115.156.144.182,180.76.76.200,6,50786,443,757,2517.471
115.156.141.163,43.137.153.213,17,54242,8005,522,2517.716
115.156.143.75,180.76.76.112,6,61976,80,198,2517.797
183.94.22.74,192.144.148.85,6,53798,7824,668,2517.822
183.95.73.76,119.36.166.74,6,52447,443,344,2518
115.156.141.215,183.168.162.229,6,8519,443,1446,2518.12
218.104.111.114,183.94.22.170,17,53,27661,286,2518.334
183.95.73.92,123.156.109.1,17,20631,61996,77170,2518.4
222.243.111.34,183.95.73.21,17,60098,60786,258,2518.621
58.19.27.96,101.67.20.167,17,46016,443,10631,2518.699
219.151.141.178,115.156.141.56,6,443,55021,144,2518.741
183.94.22.97,17.57.145.135,6,57184,5223,6097,2518.749
183.95.73.17,175.27.33.105,6,4061,443,730,2518.802
222.218.143.76,115.156.142.6,6,57962,41290,223,2518.939
113.56.189.162,218.106.117.236,6,443,5522,240,2519.213
115.156.141.66,43.137.247.234,6,43662,443,1154,2519.245
183.94.22.44,61.241.148.252,6,56216,80,194,2519.773
115.156.143.79,183.47.102.213,6,40508,8080,691,2519.937
157.255.219.80,183.94.22.95,6,8080,50524,1100,2519.977
122.189.225.47,218.106.117.233,6,80,45024,120,2520.081
116.178.236.153,183.95.73.98,6,80,44944,584463,2520.138
119.36.90.80,183.95.73.87,6,443,49767,12632,2520.874
222.192.186.73,115.156.144.177,6,80,37314,654620,2521.101
115.53.141.50,183.95.73.33,17,5145,8568,234,2521.141
183.94.22.98,122.189.171.106,6,39602,80,942,2521.244
115.156.143.229,210.42.68.4,6,59468,80,792,2521.275
58.19.27.17,122.191.18.54,6,53369,19999,11420,2521.346
115.156.141.24,210.42.68.2,6,40016,80,990,2521.431
110.248.145.11,183.94.22.13,17,13002,8293,1289,2521.611
115.156.142.209,104.21.66.212,17,46369,443,2605,2522.079
59.115.177.47,122.205.0.94,17,12345,12345,31209,2522.241
60.11.207.222,183.95.73.77,17,7708,8116,4527,2522.303
222.192.187.248,115.156.144.12,6,443,46988,13098,2522.346
115.156.142.255,203.119.204.172,6,49040,443,4488,2522.716
183.95.73.74,17.57.145.136,6,6435,5223,1507,2522.767
180.101.49.231,59.172.234.171,6,8000,61740,1148,2522.87
115.156.143.236,59.173.183.30,17,38938,61080,1504,2522.913
42.231.124.146,183.94.22.75,17,23746,50465,225,2523.093
61.240.206.15,183.95.73.77,6,443,54511,586,2523.176
115.156.142.27,43.141.130.82,6,48482,443,4914,2523.252
111.39.114.5,115.156.141.184,6,22471,43886,21130,2523.312
120.133.65.232,115.156.143.228,6,443,50288,572,2523.658
120.199.83.218,222.20.87.165,6,19796,57999,23217,2523.765
1.82.78.104,115.156.141.152,17,14207,33818,830,2523.844
218.106.117.236,119.34.173.48,17,51075,22980,225,2523.932
58.19.27.35,27.37.206.194,6,55634,443,120,2524.027
122.188.184.111,183.94.22.37,6,80,60234,596510,2524.091
61.242.151.134,183.95.73.90,17,10505,32269,2322,2524.16
115.156.144.82,17.57.145.137,6,4455,5223,7469,2524.255
115.156.142.100,52.123.128.14,6,54494,443,650,2524.281
58.205.215.156,115.156.144.214,6,443,47620,7740,2524.343
183.95.73.42,110.242.69.174,6,49907,443,955,2524.371
183.94.22.80,183.92.35.234,6,58761,49155,4260,2524.444
121.194.7.242,115.156.143.88,6,443,5958,403,2524.489
122.189.237.8,183.94.22.62,6,443,46902,55482,2524.752
104.208.16.90,222.20.76.101,6,443,63970,214,2524.785
115.156.142.92,113.31.106.108,1,,,156,2524.899
58.19.27.64,122.189.82.211,6,4310,443,6002,2525.098
115.156.141.182,40.126.35.134,6,49684,443,9249,2525.267
124.91.148.230,218.106.117.236,17,28314,2875,637,2525.303
34.120.52.64,115.156.156.209,6,443,54880,286,2525.303
120.241.149.244,218.197.230.67,1,,,156,2525.61
183.95.73.59,36.248.205.236,17,13423,1158,75556,2525.619
115.156.141.126,1.85.207.119,17,42335,19173,709,2525.864
157.255.246.41,183.94.22.32,17,8023,17388,617,2525.911
113.31.106.108,115.156.142.92,1,,,156,2525.948
120.241.118.244,183.94.22.33,6,17791,53580,94730,2526.009
115.156.141.214,117.190.80.44,6,53657,80,374,2526.044
183.95.73.88,123.234.3.224,6,56522,443,3088,2526.194
211.69.197.18,119.29.29.29,1,,,533,2526.276
58.19.27.54,110.52.197.38,6,49919,4764,880,2526.488
58.243.203.41,218.106.117.236,6,443,54832,12358,2526.508
115.156.142.1,42.186.104.58,6,60358,11231,161,2526.856
210.42.68.10,115.156.143.214,6,80,38302,55638,2526.943
27.38.244.182,183.94.22.70,17,12327,40857,445,2527.002
115.156.143.70,58.205.215.150,6,38776,443,23683,2527.268
58.19.27.49,119.36.175.53,6,50362,443,8726,2527.587
115.156.143.215,120.204.13.203,17,56617,3478,242,2527.989
115.156.141.242,72.252.32.56,17,52123,18686,1242,2528.002
119.29.50.113,115.156.142.42,6,443,39148,1225,2528.311
58.19.27.83,119.36.224.12,6,58574,443,328,2528.329
58.19.27.45,221.15.71.65,6,51756,443,2050,2528.383
182.118.233.67,183.94.22.20,17,40436,12070,1739,2528.477
183.95.73.17,123.145.193.12,17,51112,21315,284,2528.54
220.197.31.37,183.94.22.10,6,443,44962,1566,2528.543
101.28.253.164,218.106.117.229,6,443,47136,7825,2528.816
115.156.144.110,45.253.180.245,6,51796,10002,344,2528.882
115.156.143.38,121.194.11.72,6,6963,443,5457,2529.029
115.156.141.109,119.120.239.146,17,15121,6644,438,2529.131
115.156.141.218,182.254.61.198,6,47560,443,447,2529.193
119.36.225.50,183.95.73.54,6,443,6853,898000,2529.34
115.156.141.97,14.153.126.240,17,52551,41541,150,2529.62
156.238.204.69,115.156.143.249,6,443,52569,110522,2529.671
13.89.179.8,218.106.117.229,6,443,60622,1106,2529.807
112.132.119.67,183.94.22.74,6,443,51894,5136,2529.831
115.156.141.217,2.16.168.5,17,56872,443,1991,2530.018
58.205.215.159,115.156.143.164,6,80,53868,65461,2530.066
44.232.249.159,211.67.27.190,6,443,8556,1394,2530.101
116.172.66.189,183.95.73.80,6,8443,53288,28260,2530.116
58.19.27.85,116.133.8.61,6,37149,443,583,2530.148
157.148.36.249,183.94.22.82,6,443,33190,268,2530.163
183.204.244.235,183.95.73.68,6,443,57390,5948,2530.179
183.94.132.187,218.106.117.230,17,3729,12345,164,2530.202
211.67.22.186,113.240.96.112,6,45896,443,5915,2530.498
114.241.6.182,183.95.73.18,17,6891,41231,45804,2530.79
218.106.117.236,113.201.42.163,17,59712,80,350,2530.993
218.197.231.161,42.187.138.58,17,62262,3478,760,2531.721
111.172.236.83,115.156.142.81,6,80,6457,505312,2531.741
210.42.68.3,115.156.142.175,6,80,40434,1064365,2531.895
115.156.143.181,58.205.215.154,6,53330,443,266,2532.008
115.156.143.217,23.66.38.214,17,47951,443,4853,2532.048
101.236.9.24,115.156.142.210,6,443,45610,602,2532.089
115.156.143.105,69.231.153.77,6,3435,443,955,2532.537
115.156.142.42,119.29.50.113,6,39148,443,15886,2533.079
183.95.73.73,1.13.127.211,6,46128,443,528,2533.236
183.95.73.78,113.200.2.1,6,55811,443,2352,2533.245
123.119.204.29,183.95.73.27,17,7207,25410,49946,2533.372
183.94.22.77,3.165.11.22,6,51122,443,692,2533.537
115.156.143.62,122.189.220.164,6,52870,443,673,2534.393
115.156.141.35,104.17.222.19,17,53955,443,5985,2534.516
222.20.87.165,13.78.111.199,6,58009,443,1010,2534.6
222.20.98.12,44.208.9.11,6,56284,443,3199,2534.735
122.189.236.41,183.95.73.66,6,80,59374,240,2535.042
115.156.142.81,111.172.236.83,6,6399,80,1399,2535.167
183.95.73.29,113.207.108.71,6,60887,7709,671,2535.382
218.106.117.236,112.230.22.251,17,8276,18725,1117,2535.501
18.162.179.244,218.106.117.236,1,,,132,2535.766
112.224.161.197,183.94.22.20,17,4494,7700,168,2535.814
123.52.184.35,115.156.141.64,6,62489,51962,132,2535.96
115.156.141.183,120.232.27.24,17,55483,23000,5965,2536.12
61.165.102.71,183.95.73.21,17,23520,60786,208,2536.279
42.56.77.138,183.95.73.76,6,443,53540,137463,2536.298
115.156.144.124,156.238.222.66,6,45800,443,3504,2536.411
125.39.104.125,183.95.73.88,6,443,59200,1007,2536.677
222.192.186.76,218.197.246.47,6,443,58790,1574,2536.732
223.166.84.155,218.106.117.236,6,42217,45106,1715,2537.114
42.56.77.138,183.95.73.78,6,443,53221,77554,2537.198
183.94.138.61,183.94.22.55,17,24847,53326,281,2537.214
112.86.188.21,183.95.73.65,17,12188,57724,61657,2537.222
115.156.141.6,43.192.89.56,17,42778,9339,367,2537.359
111.124.200.101,115.156.141.224,6,443,57832,2225,2537.404
183.95.73.36,112.64.235.113,6,57882,443,2811,2537.416
220.202.20.244,183.95.73.20,6,443,58894,54438,2537.636
183.95.73.21,59.54.107.175,17,60786,12309,220,2537.852
203.209.250.2,115.156.141.203,6,443,6856,3488,2537.926
114.55.236.88,218.106.117.236,17,443,33719,3565,2537.951
122.205.0.94,1.193.75.212,6,14070,15261,132,2538.229
222.192.187.241,115.156.142.81,6,80,6513,170990,2538.423
101.50.8.134,183.94.22.19,6,443,42152,13744,2538.463
119.36.90.147,218.106.117.236,6,80,5268,1393,2538.494
211.91.233.18,183.94.22.65,6,443,6182,50883,2538.588
150.171.27.11,115.156.141.182,6,443,49767,7295,2538.917
8.153.109.248,115.156.141.159,6,443,45448,3068,2538.98
222.192.187.241,115.156.141.198,6,443,57507,2187,2539.464
58.19.27.57,116.128.170.191,6,49821,443,819,2539.559
27.16.213.251,202.114.0.250,6,56855,443,6167,2539.598
113.200.2.1,183.95.73.78,6,443,55811,234564,2539.706
58.19.27.89,110.230.20.168,17,8337,5657,195349,2539.982
183.94.22.39,221.200.105.100,6,6699,24363,1394,2540.123
115.156.141.138,160.86.121.25,17,46182,62728,541,2540.167
13.89.179.8,183.94.22.91,6,443,12058,275,2540.179
115.156.143.160,17.57.145.148,6,54167,5223,3522,2540.562
58.19.27.81,111.173.146.54,17,13798,25305,2262,2540.741
222.192.187.241,115.156.141.33,6,443,57856,3683,2541.04
120.221.12.142,115.156.144.188,17,26119,45217,927,2541.163
23.198.100.160,218.106.117.236,1,,,4146,2541.401
157.148.127.122,218.106.117.236,6,25021,46292,6516,2541.419
115.156.143.82,39.105.66.218,6,61765,443,1700,2541.809
183.94.22.57,120.52.87.247,6,46488,443,649,2541.894
113.135.54.240,183.94.22.21,17,6279,60786,208,2542.137
103.28.54.100,115.156.143.1,6,27025,59909,213,2542.156
115.156.143.145,222.192.187.240,6,40294,443,3242,2542.81
39.105.66.218,115.156.143.82,6,443,61765,6500,2542.923
115.156.141.169,121.194.11.73,6,48924,443,16694,2543.012
115.156.143.215,112.19.142.108,6,57926,443,398,2543.209
20.42.72.131,115.156.212.16,6,443,12533,201,2543.218
115.156.143.14,43.137.190.166,6,58843,443,743,2543.254
115.156.142.37,45.145.252.3,6,39306,443,798,2543.46
183.44.0.47,183.95.73.21,17,15150,60786,208,2543.491
157.255.219.229,218.106.117.236,6,443,55837,1924,2543.509
103.37.152.97,183.95.73.87,6,80,47564,120,2543.603
121.194.11.73,115.156.144.8,6,443,45442,2640,2543.76
115.156.141.152,180.233.86.15,17,31781,27544,297,2543.872
18.162.179.244,115.156.146.53,1,,,198,2543.886
23.198.100.160,115.156.143.247,1,,,6910,2544.042
60.222.177.86,183.95.73.34,17,17442,41779,1253,2544.345
115.156.142.159,13.107.139.11,6,6861,443,10830,2544.512
218.104.111.114,183.94.22.157,17,53,38168,265,2544.56
218.197.143.74,115.156.142.29,17,8310,7401,678,2544.674
58.205.220.238,115.156.141.125,6,443,4204,81244,2544.926
125.94.46.9,183.94.22.93,6,20042,53956,815,2545.232
112.132.86.39,218.106.117.232,17,3827,8021,240,2545.298
115.156.142.9,112.19.142.120,6,54846,443,321,2545.674
115.156.141.9,69.234.251.221,6,39544,9339,423,2545.675
180.130.97.37,183.95.73.92,6,80,60721,941233,2545.943
58.19.27.19,123.125.107.20,6,41352,8081,1698,2546.019
111.48.138.111,183.95.73.63,6,443,57764,1844,2546.108
220.197.33.194,183.94.22.38,6,443,46022,4351,2546.271
182.50.15.44,115.156.141.144,6,8080,52906,4740,2546.351
183.95.73.54,103.235.46.115,6,10122,80,126,2546.387
103.107.217.66,115.156.143.125,6,443,50056,533,2546.399
115.156.143.162,17.57.145.137,6,55657,5223,6209,2546.444
58.19.27.26,112.80.130.239,6,50631,65010,1563,2546.572
192.144.148.85,183.94.22.74,6,7824,53798,398,2546.587
119.45.249.52,183.95.73.20,6,443,38036,53143,2546.778
115.156.142.214,43.142.215.95,6,49908,443,3374,2546.819
101.207.203.117,218.106.117.231,17,21176,6683,2112,2546.997
115.156.143.145,59.78.211.251,6,45614,443,2546,2547.175
175.27.0.15,115.156.142.166,6,8080,53288,2600,2547.332
220.197.31.37,183.95.73.10,6,443,45014,5358,2547.332
202.89.233.100,115.156.141.221,6,443,42724,9179,2547.769
115.156.143.118,1.13.12.27,17,54113,443,8502,2547.819
183.95.220.132,183.95.73.72,6,443,43296,7908,2547.958
111.162.130.203,218.106.117.236,17,23588,18000,17450,2548.459
157.148.61.140,183.94.22.10,6,443,4227,947,2548.471
115.156.143.129,36.151.65.216,6,52882,23981,980,2548.505
42.186.104.58,115.156.143.115,6,11201,5398,369,2548.608
211.67.22.28,39.105.251.195,6,56782,443,2219,2548.711
43.137.152.228,115.156.141.28,6,80,60946,4831,2548.893
183.94.22.13,140.206.195.190,17,49434,49341,105635,2549.202
220.197.31.37,183.95.73.10,6,443,45012,1626,2549.421
115.156.141.61,202.90.108.64,6,54832,443,529,2549.618
115.156.144.183,43.137.129.111,6,55606,443,120,2549.786
218.197.231.6,117.34.84.12,6,55754,443,1902,2549.955
116.162.203.111,183.95.73.23,6,443,45974,605,2550.316
157.0.146.98,183.95.73.74,6,443,45970,456,2550.668
210.42.68.2,115.156.141.24,6,80,40016,38896,2550.681
115.156.144.69,183.228.34.253,17,60949,11790,205,2550.748
115.156.143.209,58.205.214.157,6,43744,80,9460,2550.912
113.206.177.74,183.95.73.10,17,12345,43590,1747,2551.07
111.172.236.82,115.156.141.66,6,80,49502,264,2551.154
119.97.181.246,183.95.73.48,6,80,61676,120,2551.202
183.94.22.62,122.189.237.8,6,46902,443,2176,2551.456
121.194.11.73,115.156.143.70,6,443,57965,2649,2551.664
115.156.142.222,81.69.116.86,17,33666,443,18611,2551.86
111.206.4.177,183.95.73.10,17,8000,43590,214,2551.931
222.20.98.98,47.113.5.1,6,59418,443,2531,2552.053
115.156.142.175,210.42.68.3,6,40434,80,4549,2552.461
112.192.155.196,183.95.73.73,1,,,272,2552.606
1.49.235.98,183.94.22.24,6,35053,56060,132,2552.664
43.141.70.189,115.156.141.153,6,80,19935,85286,2552.679
2.16.185.203,115.156.141.57,17,443,54275,16322,2552.865
208.103.161.1,183.95.73.18,6,443,6413,247,2552.915
210.42.68.12,115.156.141.216,6,80,34530,157306,2553.324
1.13.127.211,115.156.144.154,6,443,44074,7109,2553.424
119.167.166.169,218.106.117.232,17,80,49494,217,2553.475
116.162.34.80,218.106.117.236,6,443,38010,840,2553.513
183.94.22.91,59.174.83.8,17,14187,50427,93022,2553.783
183.95.73.67,112.80.129.163,17,54660,30035,682,2553.869
122.205.22.112,106.53.137.32,6,50931,443,205,2554.068
153.37.144.38,183.94.22.89,6,80,55771,706674,2554.529
115.156.142.27,175.24.219.101,17,53996,80,146,2554.558
58.241.140.66,218.106.117.236,17,8080,59392,328,2554.623
113.56.147.80,218.106.117.236,6,443,50375,1805,2554.784
146.112.41.2,222.20.79.46,6,443,58048,6187,2554.861
115.156.142.4,203.163.216.110,1,,,196,2555.118
210.42.108.140,61.242.130.46,6,1443,6122,260138,2555.121
58.19.27.71,36.248.246.5,17,42489,6890,128,2555.146
101.236.69.67,115.156.141.211,6,443,35996,25100,2555.468
210.42.68.4,115.156.141.208,6,80,54376,120627,2555.493
116.179.149.42,183.94.22.16,6,58332,28270,124,2555.519
116.153.64.184,183.94.22.88,6,443,44532,45239,2555.615
122.188.184.141,183.94.22.17,6,443,55302,48053,2555.755
115.156.143.215,42.186.104.58,6,56208,11331,190,2555.779
58.144.195.60,218.106.117.236,6,443,55010,68696,2556.017
115.156.144.147,120.53.53.53,6,58036,443,704,2556.143
42.186.104.58,115.156.141.135,6,11251,40350,202,2556.315
140.207.197.85,183.95.73.10,6,443,43740,690,2556.346
175.18.158.63,115.156.141.91,17,39788,21177,1120,2556.652
58.241.71.160,218.106.117.232,17,48985,8021,250,2556.662
115.156.141.42,121.194.11.73,6,57752,443,5433,2556.683
210.42.68.6,115.156.142.245,6,80,37534,59074,2556.739
122.193.0.135,183.95.73.39,6,443,51733,7556,2556.97
113.5.138.93,218.106.117.236,17,12345,12345,35927,2557.401
115.156.144.214,120.198.142.100,6,55810,58814,1023,2557.404
183.94.22.30,112.90.95.56,6,33582,443,9416,2557.544
42.186.104.58,115.156.142.92,6,11231,35504,202,2557.639
122.190.51.204,115.156.143.34,6,443,40242,10993,2557.736
180.102.100.4,115.156.141.114,17,24790,22809,8660,2557.862
222.20.103.6,49.4.32.206,6,60398,443,3513,2557.892
182.118.233.121,183.95.73.85,17,48131,13741,1253,2558.246
183.95.73.67,119.249.103.180,6,4558,80,1216,2558.274
1.13.127.211,115.156.143.165,6,443,50486,12115,2558.295
115.156.141.91,219.151.141.178,6,35696,443,4218,2558.511
122.188.39.46,183.94.22.29,6,80,41136,5727561,2558.55
122.205.21.120,36.163.40.39,6,32784,2180,180,2558.86
122.195.90.183,183.94.22.59,6,7824,57850,452,2558.976
59.56.23.6,115.156.143.237,6,80,2513,3657971,2559.022
211.67.22.186,103.37.152.48,6,49362,443,180,2559.025
106.15.105.54,115.156.141.70,6,443,49172,1745,2559.281
183.95.73.12,125.36.181.165,6,40036,443,36080,2559.341
218.104.111.114,183.94.22.148,17,53,14892,159,2559.484
183.95.73.25,101.205.224.42,17,8576,15070,334,2559.678
103.143.17.156,183.95.73.84,6,443,52001,9762,2559.744
58.19.27.83,140.207.176.18,17,49725,8000,582,2559.758
106.122.243.255,183.95.73.21,17,40169,60786,174,2559.769
115.156.142.251,1.12.12.21,6,49572,443,197,2559.77
115.156.144.94,175.27.4.102,6,51759,80,120,2559.868
58.205.220.13,202.114.3.12,6,80,55738,3367,2559.923
223.160.229.106,115.156.141.196,17,52354,7700,228,2560.076
43.142.215.98,183.94.22.71,6,443,52251,583,2560.144
69.234.206.194,115.156.141.63,6,443,58130,267,2560.187
115.156.143.181,122.205.109.41,6,37494,80,1399,2560.235
159.75.215.114,115.156.143.130,6,7824,45794,742,2560.339
119.36.175.54,183.95.73.70,6,80,55357,1484120,2560.341
112.83.140.16,183.95.73.15,6,443,4755,423,2560.509
115.156.142.245,210.42.68.6,6,37534,80,2694,2560.661
43.137.216.112,211.67.17.238,17,443,62858,78524,2560.675
183.94.22.97,119.167.206.3,6,39484,443,2779,2560.723
119.36.166.74,183.95.73.76,6,443,52447,30955,2560.829
69.234.206.194,222.20.101.213,6,443,14424,1725,2561.12
115.156.144.182,182.61.200.83,6,40586,443,1021,2561.317
115.156.141.125,58.205.220.238,6,4204,443,2534,2561.662
182.61.200.83,115.156.144.182,6,443,40586,194,2561.811
121.194.10.212,115.156.144.172,6,443,34204,40280,2562.371
69.192.128.212,115.156.142.210,1,,,4146,2562.451
120.241.118.244,183.94.22.33,6,17791,53562,4527,2562.462
111.20.141.101,115.156.144.192,6,19000,49835,285533,2562.482
183.95.73.44,183.95.249.98,17,52919,33982,1518,2562.484
113.56.189.63,183.94.22.25,6,443,55660,1546,2562.64
47.99.76.151,183.95.73.31,6,443,52917,6020,2562.866
183.94.22.46,157.255.246.60,17,31394,8001,371,2562.878
111.206.149.168,218.106.117.232,6,80,41090,493,2563.095
115.156.144.165,220.181.111.57,17,44532,18973,3288,2563.108
124.79.65.201,115.156.143.236,17,16512,38938,246,2563.176
115.156.144.175,222.192.187.254,17,43255,443,282,2563.206
39.91.185.244,183.94.22.82,6,80,49360,636069,2563.218
180.97.50.165,202.114.133.138,6,1500,51716,74446,2563.296
39.106.253.84,183.94.22.61,6,443,57830,770,2563.306
17.32.194.2,115.156.142.145,6,443,61888,315,2563.34
183.95.73.50,61.141.178.46,17,49692,63936,2272,2563.58
183.95.56.235,183.95.73.73,6,1702,44284,39574,2563.633
202.90.108.64,115.156.141.38,6,443,35694,1976,2563.732
115.156.141.43,43.192.13.199,17,58160,9339,480,2563.78
221.15.71.67,183.94.22.93,6,443,50914,5842,2563.893
115.156.143.94,120.53.101.199,6,45776,14000,2026,2564.027
61.241.54.232,183.95.73.61,1,,,196,2564.545
218.106.117.236,60.219.195.89,6,36507,35671,4530,2564.802
211.158.223.61,183.94.22.98,17,23044,48598,46131,2565.189
69.231.153.77,115.156.248.127,6,443,55764,258,2565.387
114.114.114.114,115.156.143.93,17,53,5745,376,2565.645
58.205.215.149,115.156.141.43,6,80,50511,1304842,2566.229
112.87.174.122,183.95.73.31,6,1500,13857,6056,2566.384
112.64.213.158,183.94.22.33,6,80,42964,1260,2566.43
115.156.143.223,120.222.203.153,6,45348,443,695,2566.482
43.141.70.12,115.156.144.126,6,443,50646,327660,2566.535
218.106.117.236,116.162.34.80,6,38010,443,565,2566.564
220.202.192.214,183.94.22.26,17,43346,57799,2630,2566.648
113.201.51.147,218.106.117.231,17,30974,4340,1432,2566.701
218.106.117.236,157.148.45.141,6,57339,80,2217,2566.724
115.156.144.146,121.199.203.189,6,54490,443,528,2566.753
115.156.248.127,69.231.153.77,6,55764,443,1922,2566.829
115.156.143.100,220.181.111.57,17,42612,18973,1761,2566.871
115.156.144.249,1.13.151.192,6,54413,443,4808,2566.938
106.75.26.24,211.67.20.2,6,10050,46238,354,2567.047
110.249.203.210,183.94.22.12,17,9681,8788,1078,2567.105
64.23.199.119,115.156.157.240,6,443,8194,720,2567.151
112.83.140.13,218.106.117.236,6,443,38934,30081,2567.354
222.20.32.194,69.234.206.194,6,64683,443,743,2567.577
103.63.160.125,183.95.73.55,6,443,44814,47629,2567.606
106.38.248.191,183.94.22.13,6,443,41232,15757,2567.783
115.156.141.212,121.194.11.72,6,44910,443,1973,2567.808
17.57.145.151,115.156.141.107,6,5223,55638,1736,2567.947
27.36.105.235,183.95.73.82,17,12186,42813,28008,2568.037
210.42.68.2,115.156.143.120,6,80,49497,807722,2568.069
58.19.27.81,123.6.63.51,6,50653,443,5484,2568.102
42.245.232.54,211.67.22.32,17,42882,7700,276,2568.133
115.156.144.8,121.194.11.73,6,45442,443,551,2568.281
115.156.144.160,49.233.247.68,6,58316,443,8503,2568.352
183.94.22.88,116.153.64.184,6,44532,443,1213,2568.531
36.150.232.176,115.156.214.63,6,20068,64602,2138,2568.839
184.30.18.9,115.156.144.119,6,443,4818,840,2568.881
36.33.205.244,183.94.22.33,6,29102,61671,4444,2569.146
58.19.27.57,61.240.206.14,6,7199,443,15162,2569.282
156.238.222.66,115.156.144.124,6,443,45842,403106,2569.366
61.240.206.12,183.95.73.39,6,443,56076,498,2569.429
58.19.27.13,122.191.18.55,6,58905,19999,8890,2569.641
114.112.209.204,115.156.143.236,6,1500,48134,60241,2569.963
115.156.142.39,58.205.212.119,17,42797,443,3521,2570.011
115.156.142.147,58.205.215.162,6,51698,80,10396,2570.023
122.188.185.27,183.94.22.17,6,443,5032,1288,2570.204
210.42.68.11,115.156.142.6,6,80,60724,325598,2570.355
111.205.94.20,183.94.22.94,6,443,49188,8190,2570.416
115.156.142.229,124.236.26.167,6,53534,80,3533,2570.44
115.156.143.61,17.57.145.133,6,58088,5223,3962,2570.453
43.137.23.178,115.156.143.180,6,8080,7351,1108,2570.472
218.106.117.236,112.80.183.11,6,50630,443,2191,2570.516
223.15.21.58,115.156.144.176,6,33233,9154,684,2570.56
122.189.225.47,183.94.22.63,6,443,49582,769736,2570.569
122.191.18.55,183.95.73.13,6,19999,51325,504797,2571.471
220.181.111.57,115.156.144.165,17,18973,44532,5571,2571.618
124.223.121.102,183.94.22.44,6,443,51971,1489,2571.789
106.15.105.54,115.156.141.70,6,443,49166,3543,2572.156
115.156.143.173,23.44.216.140,1,,,5528,2572.179
157.148.45.141,218.106.117.232,6,80,51431,180,2572.227
20.190.163.18,115.156.144.39,6,443,55123,13803,2572.229
115.156.144.41,58.205.222.15,6,44328,80,3354,2572.348
58.19.27.32,36.212.28.128,6,59979,28455,664,2572.587
34.84.242.114,222.20.98.77,6,80,46782,198,2572.661
125.36.181.16,183.94.22.10,6,443,46892,539,2573.078
115.156.141.116,104.208.16.90,6,59881,443,120,2573.118
111.29.57.160,115.156.141.149,6,41300,38762,2742,2573.143
115.156.142.11,101.229.252.91,6,57691,6881,1008,2573.505
183.94.22.32,112.132.119.67,6,6731,443,417,2573.682
112.80.183.81,183.94.22.85,6,5223,58707,7852,2574.104
222.20.83.82,121.194.11.72,6,65160,443,156,2574.155
58.22.255.90,183.94.22.100,17,25325,36895,110895,2574.256
122.205.0.94,183.69.233.5,17,12345,2138,952,2574.276
113.57.34.44,183.95.73.80,6,49155,58843,2161398,2574.342
183.94.22.19,113.56.145.174,6,38882,443,2871,2574.418
8.149.243.166,183.95.73.68,6,443,53588,808,2574.623
183.95.73.68,8.149.243.166,6,53588,443,1116,2574.907
111.206.174.203,183.94.22.39,6,443,39396,559,2574.924
218.106.117.236,60.219.83.248,17,58210,1474,1631,2574.946
124.251.34.202,115.156.143.167,6,443,56468,4200,2575.544
115.156.141.136,118.184.136.141,6,10301,15558,180,2575.917
123.6.129.44,218.106.117.236,6,443,35626,180,2576.184
220.202.7.101,183.95.73.54,6,443,45614,1580,2576.357
123.138.67.15,218.106.117.229,17,5505,44482,142,2577.041
183.50.249.227,115.156.144.214,6,22270,55793,192572,2577.2
49.7.88.4,183.95.73.29,6,443,43382,237,2577.536
115.156.144.215,210.42.68.13,6,42270,80,6018,2577.538
119.36.34.172,183.94.22.91,6,443,46844,833919,2577.572
117.34.84.12,218.197.231.6,6,443,55754,90624,2577.723
183.94.22.60,183.93.101.64,6,52464,443,2783,2578.054
183.95.73.73,183.2.140.99,17,7800,8105,132,2578.146
222.20.72.29,104.21.63.170,6,43758,443,7784,2578.211
118.25.168.233,183.95.73.77,6,443,38252,23290,2578.53
222.192.187.242,115.156.141.46,6,80,52372,7820,2578.552
157.255.246.41,183.94.22.12,17,8030,34476,365,2578.684
115.156.143.73,210.42.68.8,6,40140,80,1773,2578.747
218.106.117.232,175.170.14.82,17,11745,4880,513098,2578.843
157.0.146.48,218.106.117.236,17,4040,45176,468,2578.913
61.240.206.12,183.95.73.55,6,443,4547,12850,2578.937
223.167.21.147,218.106.117.232,17,1338,13102,358,2578.956
122.205.9.125,106.74.41.154,6,43454,443,480,2578.967
58.243.203.41,183.95.73.38,6,443,49933,33088,2579.16
69.231.153.77,222.20.32.95,6,443,40612,2340,2579.542
209.222.252.31,222.20.98.132,6,18480,60296,6122,2579.614
115.156.144.124,156.238.222.66,6,45868,443,4527,2579.982
115.156.141.216,120.253.255.162,6,59464,443,2488,2579.984
121.51.167.108,122.205.5.129,17,8023,1863,368,2580.106
61.161.0.184,183.94.22.53,17,443,55247,569181,2580.237
115.156.144.182,182.61.200.83,6,40590,443,631,2580.383
43.142.215.95,218.106.117.236,6,443,6493,643,2580.393
115.156.143.217,140.240.47.174,6,7452,33901,6263,2580.397
115.156.141.179,203.119.252.21,17,60199,443,12672,2580.436
58.19.27.49,58.241.254.106,17,51391,9631,2481,2580.572
115.156.141.211,202.90.108.11,6,48050,443,2363,2580.576
109.244.255.123,115.156.144.120,17,443,14836,21098,2580.729
122.191.18.51,183.94.22.16,6,19999,49405,258841,2580.737
222.192.187.245,115.156.143.87,6,443,38772,915550,2580.91
157.148.42.178,183.94.22.68,6,2099,56566,8633,2580.931
139.196.36.248,115.156.142.88,6,443,33512,2360,2580.936
115.156.144.52,106.117.242.63,17,61455,4480,4811,2581.261
115.156.142.134,140.205.70.240,17,49450,443,314,2581.35
218.106.117.236,122.137.153.178,17,8598,42717,232,2581.481
156.238.204.69,115.156.143.249,6,443,52761,105938,2581.486
115.156.142.133,121.194.11.73,6,58678,443,5874,2581.693
61.54.108.80,183.95.73.85,17,31780,13741,1611,2581.727
119.125.8.56,183.95.73.21,17,21543,60786,258,2581.818
115.156.141.126,1.84.103.58,17,57460,57873,124,2581.829
58.19.27.43,61.135.195.45,6,45560,443,1636,2582.043
115.156.142.139,222.192.187.244,6,59318,443,991,2582.44
115.156.144.42,17.57.145.134,6,60329,5223,230,2582.535
49.7.36.197,115.156.142.136,6,8081,37914,632,2582.613
218.106.117.236,112.65.195.38,17,47395,443,1038,2582.668
116.162.34.80,183.94.22.33,17,443,59874,1609,2582.694
210.42.68.2,115.156.143.213,6,80,48914,110848,2583.397
180.153.201.124,115.156.141.8,6,80,41262,7162,2583.487
222.192.187.253,218.197.197.129,6,80,42630,2964,2584.009
115.156.143.162,58.205.222.13,6,48682,80,6930,2584.106
116.162.46.244,183.94.22.31,17,443,60922,2308,2584.15
202.89.233.96,183.94.22.91,6,443,56603,6915,2584.197
183.94.22.80,116.172.66.189,6,53272,8443,60398,2584.317
157.148.58.72,183.95.73.23,6,443,60808,4531,2584.354
125.39.196.254,218.106.117.236,6,8001,59024,1565,2584.393
121.194.11.73,222.20.32.139,6,443,65409,386,2584.66
222.20.32.225,34.237.241.83,6,57765,443,120,2584.796
1.13.127.211,115.156.144.178,6,443,60282,11625,2584.999
69.231.153.77,115.156.143.25,6,443,7680,378,2585.015
202.90.110.46,183.95.73.36,6,443,52991,23705,2585.578
122.189.171.106,183.94.22.44,6,443,44400,1108,2585.663
116.209.192.110,115.156.142.162,17,8532,8567,75825,2585.699
183.95.73.54,157.148.45.141,6,51478,80,702,2586.172
58.19.27.27,36.249.167.54,17,54304,12345,592,2586.316
115.156.141.184,111.39.114.5,6,43886,22471,1134,2586.338
203.119.174.148,115.156.141.47,6,443,55250,2025,2586.659
218.106.117.236,123.88.160.210,6,54176,4470,264,2742.464
43.137.154.198,115.156.143.97,6,443,49144,85637,2742.686
110.85.5.232,202.114.212.182,17,35904,21264,1056,2742.87
115.156.142.89,120.210.83.13,6,39688,22529,1301,2742.913
37.77.81.70,218.106.117.236,6,443,50064,924025,2743.243
58.20.209.159,183.95.73.68,6,80,46350,98249,2743.294
34.149.100.209,218.106.117.236,6,443,61924,15911,2743.404
218.197.196.123,60.170.171.35,17,55167,9783,733,2743.421
202.114.132.61,202.89.233.101,6,49946,443,17853,2743.929
109.244.227.39,183.95.73.14,6,443,60220,2908,2744.105
210.42.68.4,115.156.141.47,6,80,34084,303889,2744.124
